FileName, TotalMethods, TotalTestSmells,Physical SLOC,Logical SLOC,Cyclomatic,CyclomaticDensity,HalsteadBugs,HalsteadDifficulty,HalsteadEffort,HalsteadLength,HalsteadTime,HalsteadVocabulary,HalsteadVolume,Maintainability,assertionRoulette,conditionalTestLogic,duplicateAssert,eagerTest,emptyTest,exceptionHandling,globalVariable,ignoredTest,lazyTest,magicNumberRule,mysteryGuest,redundantAssertion,redundantPrint,resourceOptimism,sleepyTest,unknownTest
/home/gabriel/Desktop/research/projects/miragejs/__tests__/internal/unit/server-test.js,62,3,1505,1387,91,6.561,12.785,83.451,3200835.109,4768,177824.173,264,38355.671,91.07,0,0,4,0,0,0,0,0,0,24,0,2,0,0,0,0
/home/gabriel/Desktop/research/projects/miragejs/__tests__/internal/unit/schema-test.js,6,1,83,100,10,10,0.759,20.25,46103.4,374,2561.3,68,2276.711,104.847,0,0,2,0,0,0,0,0,0,0,0,0,0,0,0,0
/home/gabriel/Desktop/research/projects/miragejs/__tests__/internal/unit/factory-test.js,17,1,362,389,25,6.427,2.98,41.385,370041.623,1256,20557.868,139,8941.39,93.695,0,0,0,0,0,0,0,0,0,5,0,0,0,0,0,0
/home/gabriel/Desktop/research/projects/miragejs/__tests__/internal/unit/db-test.js,57,3,666,838,96,11.456,7.565,61.48,1395244.919,3001,77513.607,189,22694.29,103.122,0,2,23,0,0,0,0,0,0,16,0,0,0,0,0,0
/home/gabriel/Desktop/research/projects/miragejs/__tests__/internal/unit/collection-test.js,6,2,46,48,9,18.75,0.301,16.907,15261.362,172,847.853,38,902.644,118.451,0,0,2,0,0,0,0,0,0,2,0,0,0,0,0,0
/home/gabriel/Desktop/research/projects/miragejs/__tests__/internal/unit/route-handlers/shorthands/base-test.js,7,2,72,82,10,12.195,0.538,15.239,24614.567,282,1367.476,53,1615.274,110.208,0,0,6,0,0,0,0,0,0,1,0,0,0,0,0,0
/home/gabriel/Desktop/research/projects/miragejs/__tests__/internal/unit/db/identity-manager-test.js,1,1,86,99,13,13.131,0.624,17.946,33607.766,341,1867.098,45,1872.722,111.238,0,0,0,0,0,0,0,0,0,0,0,1,0,0,0,0
/home/gabriel/Desktop/research/projects/miragejs/__tests__/internal/move-after-handle-request/server-config-test.js,13,2,261,248,19,7.661,1.931,30.482,176620.109,884,9812.228,94,5794.257,98.133,0,0,2,0,0,0,0,0,0,4,0,0,0,0,0,0
/home/gabriel/Desktop/research/projects/miragejs/__tests__/internal/move-after-handle-request/resource-shorthand-test.js,13,1,337,346,18,5.202,2.934,32.158,283052.874,1270,15725.16,122,8802.036,90.064,0,0,0,0,0,0,0,0,0,19,0,0,0,0,0,0
/home/gabriel/Desktop/research/projects/miragejs/__tests__/internal/move-after-handle-request/falsy-responses-test.js,4,1,78,77,12,15.584,0.521,20.475,32017.214,273,1778.734,53,1563.722,113.905,0,0,0,0,0,0,0,0,0,4,0,0,0,0,0,0
/home/gabriel/Desktop/research/projects/miragejs/__tests__/internal/move-after-handle-request/customized-normalize-method-test.js,2,1,101,70,7,10,0.527,10.685,16891.393,246,938.411,86,1580.861,107.061,0,0,0,0,0,0,0,0,0,2,0,0,0,0,0,0
/home/gabriel/Desktop/research/projects/miragejs/__tests__/internal/move-after-handle-request/custom-responses-test.js,3,1,63,61,10,16.393,0.42,16.738,21091.635,220,1171.758,53,1260.143,115.529,0,0,0,0,0,0,0,0,0,3,0,0,0,0,0,0
/home/gabriel/Desktop/research/projects/miragejs/__tests__/internal/move-after-handle-request/shorthands/rest-serializer-sanity-test.js,5,1,134,120,9,7.5,0.973,15.132,44146.748,454,2452.597,86,2917.524,99.974,0,0,0,0,0,0,0,0,0,8,0,0,0,0,0,0
/home/gabriel/Desktop/research/projects/miragejs/__tests__/internal/move-after-handle-request/shorthands/post-shorthand-with-relationships-test.js,3,1,162,149,8,5.369,1.166,18.282,63950.826,530,3552.824,97,3497.954,92.889,0,0,0,0,0,0,0,0,0,3,0,0,0,0,0,0
/home/gabriel/Desktop/research/projects/miragejs/__tests__/internal/move-after-handle-request/shorthands/patch-shorthand-with-relationships-test.js,4,1,166,150,9,6,1.079,21.359,69110.95,496,3839.497,92,3235.687,94.827,0,0,0,0,0,0,0,0,0,1,0,0,0,0,0,0
/home/gabriel/Desktop/research/projects/miragejs/__tests__/internal/move-after-handle-request/shorthands/active-model-serializer-sanity-test.js,5,1,121,107,9,8.411,0.844,15.448,39110.36,404,2172.798,77,2531.782,102.246,0,0,0,0,0,0,0,0,0,7,0,0,0,0,0,0
/home/gabriel/Desktop/research/projects/miragejs/__tests__/internal/move-after-handle-request/route-handlers/put-shorthand-test.js,4,2,118,106,9,8.491,0.802,16.664,40115.829,383,2228.657,78,2407.309,102.311,0,0,0,0,0,0,0,0,0,3,0,1,0,0,0,0
/home/gabriel/Desktop/research/projects/miragejs/__tests__/internal/move-after-handle-request/route-handlers/post-shorthand-test.js,4,2,90,92,9,9.783,0.698,13.906,29100.021,337,1616.668,74,2092.586,105.704,0,0,0,0,0,0,0,0,0,3,0,1,0,0,0,0
/home/gabriel/Desktop/research/projects/miragejs/__tests__/internal/move-after-handle-request/route-handlers/head-shorthand-test.js,8,1,155,142,12,8.451,1.135,21.465,73073.624,534,4059.646,83,3404.271,101.168,0,0,0,0,0,0,0,0,0,8,0,0,0,0,0,0
/home/gabriel/Desktop/research/projects/miragejs/__tests__/internal/move-after-handle-request/route-handlers/get-shorthand-test.js,16,1,336,304,26,8.553,2.807,32.034,269719.626,1199,14984.424,130,8419.819,99.54,0,0,0,0,0,0,0,0,0,10,0,0,0,0,0,0
/home/gabriel/Desktop/research/projects/miragejs/__tests__/internal/move-after-handle-request/route-handlers/delete-shorthand-test.js,5,2,118,107,10,9.346,0.809,16.257,39455.874,385,2191.993,79,2426.956,104.283,0,0,0,0,0,0,0,0,0,5,0,1,0,0,0,0
/home/gabriel/Desktop/research/projects/miragejs/__tests__/internal/move-after-handle-request/route-handlers/function-handler/serialize-test.js,6,1,149,160,17,10.625,1.214,27.811,101318.105,564,5628.784,88,3643.119,104.951,0,0,0,0,0,0,0,0,0,1,0,0,0,0,0,0
/home/gabriel/Desktop/research/projects/miragejs/__tests__/internal/move-after-handle-request/route-handlers/function-handler/basic-test.js,5,2,127,119,19,15.966,0.905,20.8,56442.768,418,3135.709,90,2713.595,113.93,0,0,0,0,0,1,0,0,0,1,0,0,0,0,0,0
/home/gabriel/Desktop/research/projects/miragejs/__tests__/internal/move-after-handle-request/regressions/many-to-many-bug-test.js,1,2,76,68,5,7.353,0.484,10.952,15895.352,233,883.075,75,1451.315,101.137,0,0,6,0,0,0,0,0,0,2,0,0,0,0,0,0
/home/gabriel/Desktop/research/projects/miragejs/__tests__/internal/integration/schema/schema-verification/mixed-test.js,9,1,299,358,13,3.631,2.967,35.968,320103.271,1331,17783.515,103,8899.732,82.706,0,0,4,0,0,0,0,0,0,0,0,0,0,0,0,0
/home/gabriel/Desktop/research/projects/miragejs/__tests__/internal/integration/performance/simple-factory-test.js,0,1,61,48,12,25,0.325,15.3,14902.109,160,827.895,68,973.994,120.417,0,1,0,0,0,0,0,0,0,0,0,0,0,0,0,0
/home/gabriel/Desktop/research/projects/miragejs/__tests__/external/shared/identity-manager-test.js,2,1,88,70,11,15.714,0.452,17.481,23679.444,221,1315.525,70,1354.572,112.808,0,1,0,0,0,0,0,0,0,0,0,0,0,0,0,0
/home/gabriel/Desktop/research/projects/miragejs/__tests__/external/shared/server/load-fixtures-test.js,4,1,61,62,9,14.516,0.439,15.583,20529.822,230,1140.546,53,1317.422,113.291,0,0,0,0,0,0,0,0,0,9,0,0,0,0,0,0
/home/gabriel/Desktop/research/projects/miragejs/__tests__/external/shared/serializers/json-api-serializer/associations/model-test.js,0,1,509,415,16,3.855,3.148,59.587,562813.623,1441,31267.423,94,9445.163,79.703,0,2,0,0,0,0,0,0,0,0,0,0,0,0,0,0
/home/gabriel/Desktop/research/projects/miragejs/__tests__/external/shared/serializers/json-api-serializer/associations/collection-test.js,0,1,527,429,13,3.03,3.461,60.395,627166.273,1563,34842.571,100,10384.347,75.825,0,1,0,0,0,0,0,0,0,0,0,0,0,0,0,0
/home/gabriel/Desktop/research/projects/miragejs/__tests__/external/shared/orm/where-test.js,3,1,64,69,8,11.594,0.509,21.651,33087.679,262,1838.204,57,1528.217,107.614,0,0,0,0,0,0,0,0,0,3,0,0,0,0,0,0
/home/gabriel/Desktop/research/projects/miragejs/__tests__/external/shared/orm/update-test.js,7,1,178,188,11,5.851,1.407,34.909,147375.005,701,8187.5,65,4221.68,92.516,0,0,6,0,0,0,0,0,0,0,0,0,0,0,0,0
/home/gabriel/Desktop/research/projects/miragejs/__tests__/external/shared/orm/none-test.js,1,1,34,31,5,16.129,0.191,8.171,4694.081,104,260.782,46,574.45,118.034,0,0,0,0,0,0,0,0,0,1,0,0,0,0,0,0
/home/gabriel/Desktop/research/projects/miragejs/__tests__/external/shared/orm/find-test.js,4,1,56,57,9,15.789,0.41,14.651,18041.876,213,1002.326,55,1231.43,115.095,0,0,0,0,0,0,0,0,0,1,0,0,0,0,0,0
/home/gabriel/Desktop/research/projects/miragejs/__tests__/external/shared/orm/find-or-create-by-test.js,2,2,49,54,6,11.111,0.372,13.549,15137.865,196,840.993,52,1117.286,108.615,0,0,2,0,0,0,0,0,0,2,0,0,0,0,0,0
/home/gabriel/Desktop/research/projects/miragejs/__tests__/external/shared/orm/destroy-test.js,2,2,46,46,6,13.043,0.324,11.711,11380.096,174,632.228,48,971.783,112.189,0,0,4,0,0,0,0,0,0,3,0,0,0,0,0,0
/home/gabriel/Desktop/research/projects/miragejs/__tests__/external/shared/orm/create-test.js,4,1,56,69,10,14.493,0.454,17.689,24105.604,244,1339.2,48,1362.731,113.076,0,0,4,0,0,0,0,0,0,0,0,0,0,0,0,0
/home/gabriel/Desktop/research/projects/miragejs/__tests__/external/shared/orm/collection-test.js,6,2,105,122,18,14.754,1.042,28.222,88254.459,499,4903.025,77,3127.126,110.937,0,0,7,0,0,0,0,0,0,5,0,0,0,0,0,0
/home/gabriel/Desktop/research/projects/miragejs/__tests__/external/shared/orm/assertions-test.js,5,1,76,65,15,23.077,0.378,11.341,12866.721,200,714.818,51,1134.485,124.145,0,0,0,0,0,0,0,0,0,0,0,1,0,0,0,0
/home/gabriel/Desktop/research/projects/miragejs/__tests__/external/shared/orm/all-test.js,2,1,45,45,6,13.333,0.316,12.769,12096.229,167,672.013,51,947.295,112.336,0,0,0,0,0,0,0,0,0,2,0,0,0,0,0,0
/home/gabriel/Desktop/research/projects/miragejs/__tests__/external/shared/orm/mixed/3-one-to-many-polymorphic/instantiating-test.js,9,1,88,125,14,11.2,0.927,26.591,73912.374,483,4106.243,54,2779.611,106.219,0,0,0,0,0,0,0,0,0,2,0,0,0,0,0,0
/home/gabriel/Desktop/research/projects/miragejs/__tests__/external/shared/orm/mixed/3-one-to-many-polymorphic/delete-test.js,0,1,26,25,9,36,0.138,10.174,4226.975,81,234.832,35,415.472,128.227,0,1,0,0,0,0,0,0,0,0,0,0,0,0,0,0
/home/gabriel/Desktop/research/projects/miragejs/__tests__/external/shared/orm/mixed/3-one-to-many-polymorphic/create-test.js,3,1,78,121,7,5.785,0.946,29.769,84460.099,508,4692.228,48,2837.161,92.69,0,0,0,0,0,0,0,0,0,6,0,0,0,0,0,0
/home/gabriel/Desktop/research/projects/miragejs/__tests__/external/shared/orm/mixed/3-one-to-many-polymorphic/association-set-test.js,0,1,95,90,19,21.111,0.669,29.464,59120.507,344,3284.473,57,2006.514,111.999,0,4,0,0,0,0,0,0,0,0,0,0,0,0,0,0
/home/gabriel/Desktop/research/projects/miragejs/__tests__/external/shared/orm/mixed/3-one-to-many-polymorphic/association-set-ids-test.js,0,1,61,57,11,19.298,0.41,18.622,22911.31,218,1272.851,50,1230.361,114.077,0,2,0,0,0,0,0,0,0,0,0,0,0,0,0,0
/home/gabriel/Desktop/research/projects/miragejs/__tests__/external/shared/orm/mixed/3-one-to-many-polymorphic/accessor-test.js,0,1,40,35,10,28.571,0.263,14.848,11711.766,142,650.654,47,788.752,121.939,0,1,0,0,0,0,0,0,0,0,0,0,0,0,0,0
/home/gabriel/Desktop/research/projects/miragejs/__tests__/external/shared/orm/mixed/2-many-to-one/create-test.js,4,1,75,97,10,10.309,0.711,23.537,50199.581,376,2788.866,51,2132.832,105.049,0,0,0,0,0,0,0,0,0,4,0,0,0,0,0,0
/home/gabriel/Desktop/research/projects/miragejs/__tests__/external/shared/orm/mixed/2-many-to-one/association-set-test.js,0,1,69,63,14,22.222,0.439,21.091,27798.762,240,1544.376,45,1318.045,109.124,0,3,0,0,0,0,0,0,0,0,0,0,0,0,0,0
/home/gabriel/Desktop/research/projects/miragejs/__tests__/external/shared/orm/mixed/2-many-to-one/association-set-ids-test.js,0,1,56,52,11,21.154,0.373,18.75,20984.69,205,1165.816,44,1119.183,110.682,0,2,0,0,0,0,0,0,0,0,0,0,0,0,0,0
/home/gabriel/Desktop/research/projects/miragejs/__tests__/external/shared/orm/mixed/2-many-to-one/association-new-test.js,0,1,44,42,8,19.048,0.295,18.871,16677.594,160,926.533,46,883.77,112.068,0,1,0,0,0,0,0,0,0,0,0,0,0,0,0,0
/home/gabriel/Desktop/research/projects/miragejs/__tests__/external/shared/orm/mixed/2-many-to-one/association-create-test.js,0,1,36,33,8,24.242,0.222,13.767,9169.297,122,509.405,44,666.051,118.02,0,1,0,0,0,0,0,0,0,0,0,0,0,0,0,0
/home/gabriel/Desktop/research/projects/miragejs/__tests__/external/shared/orm/mixed/2-many-to-one/accessor-test.js,0,1,37,33,10,30.303,0.209,14,8757.123,116,486.507,42,625.509,117.955,0,2,0,0,0,0,0,0,0,0,0,0,0,0,0,0
/home/gabriel/Desktop/research/projects/miragejs/__tests__/external/shared/orm/mixed/1-one-to-many/instantiating-test.js,9,1,85,111,14,12.613,0.834,25.976,64979.016,441,3609.945,51,2501.54,108.584,0,0,0,0,0,0,0,0,0,2,0,0,0,0,0,0
/home/gabriel/Desktop/research/projects/miragejs/__tests__/external/shared/orm/mixed/1-one-to-many/create-test.js,6,1,101,133,13,9.774,1.044,32.093,100552.978,547,5586.277,53,3133.172,102.708,0,0,0,0,0,0,0,0,0,6,0,0,0,0,0,0
/home/gabriel/Desktop/research/projects/miragejs/__tests__/external/shared/orm/mixed/1-one-to-many/association-set-test.js,0,1,91,86,17,19.767,0.635,25.049,47714.614,331,2650.812,54,1904.868,112.052,0,4,0,0,0,0,0,0,0,0,0,0,0,0,0,0
/home/gabriel/Desktop/research/projects/miragejs/__tests__/external/shared/orm/mixed/1-one-to-many/association-set-ids-test.js,0,1,61,53,11,20.755,0.379,15.714,17880.559,206,993.364,46,1137.854,116.103,0,2,0,0,0,0,0,0,0,0,0,0,0,0,0,0
/home/gabriel/Desktop/research/projects/miragejs/__tests__/external/shared/orm/mixed/1-one-to-many/accessor-test.js,0,1,36,33,8,24.242,0.239,14.083,10087.426,132,560.413,43,716.267,120.873,0,1,0,0,0,0,0,0,0,0,0,0,0,0,0,0
/home/gabriel/Desktop/research/projects/miragejs/__tests__/external/shared/orm/has-many/9-one-way-polymorphic/instantiating-test.js,9,1,88,128,14,10.938,0.921,26.25,72511.583,480,4028.421,54,2762.346,105.9,0,0,0,0,0,0,0,0,0,2,0,0,0,0,0,0
/home/gabriel/Desktop/research/projects/miragejs/__tests__/external/shared/orm/has-many/9-one-way-polymorphic/delete-test.js,0,1,26,25,9,36,0.138,10.174,4226.975,81,234.832,35,415.472,128.227,0,1,0,0,0,0,0,0,0,0,0,0,0,0,0,0
/home/gabriel/Desktop/research/projects/miragejs/__tests__/external/shared/orm/has-many/9-one-way-polymorphic/create-test.js,6,1,100,137,13,9.489,1.103,32.727,108296.519,575,6016.473,54,3309.06,101.974,0,0,0,0,0,0,0,0,0,6,0,0,0,0,0,0
/home/gabriel/Desktop/research/projects/miragejs/__tests__/external/shared/orm/has-many/9-one-way-polymorphic/accessor-test.js,0,1,32,30,8,26.667,0.201,11.917,7177.592,111,398.755,43,602.315,123.581,0,1,0,0,0,0,0,0,0,0,0,0,0,0,0,0
/home/gabriel/Desktop/research/projects/miragejs/__tests__/external/shared/orm/has-many/8-many-to-many/new-test.js,9,1,88,111,14,12.613,0.834,25.976,64979.016,441,3609.945,51,2501.54,108.584,0,0,0,0,0,0,0,0,0,2,0,0,0,0,0,0
/home/gabriel/Desktop/research/projects/miragejs/__tests__/external/shared/orm/has-many/8-many-to-many/delete-test.js,0,1,26,25,9,36,0.137,10.636,4383.08,81,243.504,34,412.084,128.103,0,1,0,0,0,0,0,0,0,0,0,0,0,0,0,0
/home/gabriel/Desktop/research/projects/miragejs/__tests__/external/shared/orm/has-many/8-many-to-many/create-test.js,6,1,101,121,13,10.744,1.025,33.5,103042.704,545,5724.595,50,3075.902,104.156,0,0,0,0,0,0,0,0,0,6,0,0,0,0,0,0
/home/gabriel/Desktop/research/projects/miragejs/__tests__/external/shared/orm/has-many/8-many-to-many/association-set-ids-test.js,0,1,51,50,10,20,0.381,15.871,18147.032,207,1008.168,46,1143.377,117.092,0,1,0,0,0,0,0,0,0,0,0,0,0,0,0,0
/home/gabriel/Desktop/research/projects/miragejs/__tests__/external/shared/orm/has-many/8-many-to-many/accessor-test.js,0,1,32,32,8,25,0.214,13.464,8656.273,120,480.904,41,642.906,121.894,0,1,0,0,0,0,0,0,0,0,0,0,0,0,0,0
/home/gabriel/Desktop/research/projects/miragejs/__tests__/external/shared/orm/has-many/7-named-one-way-reflexive/new-test.js,9,1,85,111,14,12.613,0.838,25.357,63745.167,441,3541.398,52,2513.894,108.65,0,0,0,0,0,0,0,0,0,2,0,0,0,0,0,0
/home/gabriel/Desktop/research/projects/miragejs/__tests__/external/shared/orm/has-many/7-named-one-way-reflexive/delete-test.js,0,1,26,25,9,36,0.137,10.636,4383.08,81,243.504,34,412.084,128.103,0,1,0,0,0,0,0,0,0,0,0,0,0,0,0,0
/home/gabriel/Desktop/research/projects/miragejs/__tests__/external/shared/orm/has-many/7-named-one-way-reflexive/create-test.js,6,1,96,111,13,11.712,0.882,25.455,67384.501,460,3743.583,54,2647.248,107.006,0,0,0,0,0,0,0,0,0,3,0,0,0,0,0,0
/home/gabriel/Desktop/research/projects/miragejs/__tests__/external/shared/orm/has-many/7-named-one-way-reflexive/accessor-test.js,0,1,29,29,8,27.586,0.193,12.071,6984.717,108,388.04,41,578.616,124.223,0,1,0,0,0,0,0,0,0,0,0,0,0,0,0,0
/home/gabriel/Desktop/research/projects/miragejs/__tests__/external/shared/orm/has-many/6-one-way-reflexive/new-test.js,9,1,85,111,14,12.613,0.834,25.976,64979.016,441,3609.945,51,2501.54,108.584,0,0,0,0,0,0,0,0,0,2,0,0,0,0,0,0
/home/gabriel/Desktop/research/projects/miragejs/__tests__/external/shared/orm/has-many/6-one-way-reflexive/delete-test.js,0,1,26,25,9,36,0.137,10.636,4383.08,81,243.504,34,412.084,128.103,0,1,0,0,0,0,0,0,0,0,0,0,0,0,0,0
/home/gabriel/Desktop/research/projects/miragejs/__tests__/external/shared/orm/has-many/6-one-way-reflexive/create-test.js,6,1,96,111,13,11.712,0.878,26.047,68628.479,460,3812.693,53,2634.843,106.943,0,0,0,0,0,0,0,0,0,3,0,0,0,0,0,0
/home/gabriel/Desktop/research/projects/miragejs/__tests__/external/shared/orm/has-many/6-one-way-reflexive/accessor-test.js,0,1,29,29,8,27.586,0.192,12.519,7195.247,108,399.736,40,574.768,124.121,0,1,0,0,0,0,0,0,0,0,0,0,0,0,0,0
/home/gabriel/Desktop/research/projects/miragejs/__tests__/external/shared/orm/has-many/5-named-reflexive-explicit-inverse/new-test.js,9,1,85,111,14,12.613,0.838,25.357,63745.167,441,3541.398,52,2513.894,108.65,0,0,0,0,0,0,0,0,0,2,0,0,0,0,0,0
/home/gabriel/Desktop/research/projects/miragejs/__tests__/external/shared/orm/has-many/5-named-reflexive-explicit-inverse/delete-test.js,0,1,26,25,9,36,0.137,10.636,4383.08,81,243.504,34,412.084,128.103,0,1,0,0,0,0,0,0,0,0,0,0,0,0,0,0
/home/gabriel/Desktop/research/projects/miragejs/__tests__/external/shared/orm/has-many/5-named-reflexive-explicit-inverse/create-test.js,6,1,98,115,13,11.304,0.968,30.488,88545.176,512,4919.176,51,2904.282,105.498,0,0,0,0,0,0,0,0,0,3,0,0,0,0,0,0
/home/gabriel/Desktop/research/projects/miragejs/__tests__/external/shared/orm/has-many/5-named-reflexive-explicit-inverse/association-set-ids-test.js,0,1,50,50,10,20,0.379,16.338,18573.528,207,1031.863,45,1136.814,117.013,0,1,0,0,0,0,0,0,0,0,0,0,0,0,0,0
/home/gabriel/Desktop/research/projects/miragejs/__tests__/external/shared/orm/has-many/5-named-reflexive-explicit-inverse/accessor-test.js,0,1,32,32,8,25,0.214,13.464,8656.273,120,480.904,41,642.906,121.894,0,1,0,0,0,0,0,0,0,0,0,0,0,0,0,0
/home/gabriel/Desktop/research/projects/miragejs/__tests__/external/shared/orm/has-many/4-named-reflexive/new-test.js,9,1,85,111,14,12.613,0.838,25.357,63745.167,441,3541.398,52,2513.894,108.65,0,0,0,0,0,0,0,0,0,2,0,0,0,0,0,0
/home/gabriel/Desktop/research/projects/miragejs/__tests__/external/shared/orm/has-many/4-named-reflexive/delete-test.js,0,1,26,25,9,36,0.137,10.636,4383.08,81,243.504,34,412.084,128.103,0,1,0,0,0,0,0,0,0,0,0,0,0,0,0,0
/home/gabriel/Desktop/research/projects/miragejs/__tests__/external/shared/orm/has-many/4-named-reflexive/create-test.js,6,1,98,115,13,11.304,0.968,30.488,88545.176,512,4919.176,51,2904.282,105.498,0,0,0,0,0,0,0,0,0,3,0,0,0,0,0,0
/home/gabriel/Desktop/research/projects/miragejs/__tests__/external/shared/orm/has-many/4-named-reflexive/association-set-ids-test.js,0,1,50,50,10,20,0.379,16.338,18573.528,207,1031.863,45,1136.814,117.013,0,1,0,0,0,0,0,0,0,0,0,0,0,0,0,0
/home/gabriel/Desktop/research/projects/miragejs/__tests__/external/shared/orm/has-many/4-named-reflexive/accessor-test.js,0,1,32,32,8,25,0.214,13.464,8656.273,120,480.904,41,642.906,121.894,0,1,0,0,0,0,0,0,0,0,0,0,0,0,0,0
/home/gabriel/Desktop/research/projects/miragejs/__tests__/external/shared/orm/has-many/3-reflexive/new-test.js,9,1,85,111,14,12.613,0.834,25.976,64979.016,441,3609.945,51,2501.54,108.584,0,0,0,0,0,0,0,0,0,2,0,0,0,0,0,0
/home/gabriel/Desktop/research/projects/miragejs/__tests__/external/shared/orm/has-many/3-reflexive/delete-test.js,0,1,26,25,9,36,0.137,10.636,4383.08,81,243.504,34,412.084,128.103,0,1,0,0,0,0,0,0,0,0,0,0,0,0,0,0
/home/gabriel/Desktop/research/projects/miragejs/__tests__/external/shared/orm/has-many/3-reflexive/create-test.js,6,1,98,117,13,11.111,0.949,29.756,84732.199,502,4707.344,51,2847.558,105.369,0,0,0,0,0,0,0,0,0,3,0,0,0,0,0,0
/home/gabriel/Desktop/research/projects/miragejs/__tests__/external/shared/orm/has-many/3-reflexive/association-set-ids-test.js,0,1,50,50,10,20,0.379,16.338,18573.528,207,1031.863,45,1136.814,117.013,0,1,0,0,0,0,0,0,0,0,0,0,0,0,0,0
/home/gabriel/Desktop/research/projects/miragejs/__tests__/external/shared/orm/has-many/3-reflexive/accessor-test.js,0,1,32,32,8,25,0.213,13.963,8917.186,120,495.399,40,638.631,121.793,0,1,0,0,0,0,0,0,0,0,0,0,0,0,0,0
/home/gabriel/Desktop/research/projects/miragejs/__tests__/external/shared/orm/has-many/2-named/instantiating-test.js,9,1,88,110,14,12.727,0.832,26.75,66730.134,442,3707.23,50,2494.584,108.64,0,0,0,0,0,0,0,0,0,2,0,0,0,0,0,0
/home/gabriel/Desktop/research/projects/miragejs/__tests__/external/shared/orm/has-many/2-named/delete-test.js,0,1,26,25,9,36,0.137,10.636,4383.08,81,243.504,34,412.084,128.103,0,1,0,0,0,0,0,0,0,0,0,0,0,0,0,0
/home/gabriel/Desktop/research/projects/miragejs/__tests__/external/shared/orm/has-many/2-named/create-test.js,6,1,91,115,13,11.304,0.993,32.195,95877.823,525,5326.546,51,2978.023,105.226,0,0,0,0,0,0,0,0,0,6,0,0,0,0,0,0
/home/gabriel/Desktop/research/projects/miragejs/__tests__/external/shared/orm/has-many/2-named/accessor-test.js,0,1,32,28,8,28.571,0.201,12.328,7445.117,112,413.618,42,603.94,124.573,0,1,0,0,0,0,0,0,0,0,0,0,0,0,0,0
/home/gabriel/Desktop/research/projects/miragejs/__tests__/external/shared/orm/has-many/10-many-to-many-polymorphic/instantiating-test.js,9,1,88,128,14,10.938,0.921,26.25,72511.583,480,4028.421,54,2762.346,105.9,0,0,0,0,0,0,0,0,0,2,0,0,0,0,0,0
/home/gabriel/Desktop/research/projects/miragejs/__tests__/external/shared/orm/has-many/10-many-to-many-polymorphic/delete-test.js,0,1,26,25,9,36,0.138,10.174,4226.975,81,234.832,35,415.472,128.227,0,1,0,0,0,0,0,0,0,0,0,0,0,0,0,0
/home/gabriel/Desktop/research/projects/miragejs/__tests__/external/shared/orm/has-many/10-many-to-many-polymorphic/create-test.js,3,1,64,92,7,7.609,0.775,27.514,63990.466,426,3555.026,44,2325.718,98.078,0,0,0,0,0,0,0,0,0,6,0,0,0,0,0,0
/home/gabriel/Desktop/research/projects/miragejs/__tests__/external/shared/orm/has-many/10-many-to-many-polymorphic/association-set-ids-test.js,0,1,58,57,12,21.053,0.407,21.667,26424.048,215,1468.003,51,1219.571,115.674,0,1,0,0,0,0,0,0,0,0,0,0,0,0,0,0
/home/gabriel/Desktop/research/projects/miragejs/__tests__/external/shared/orm/has-many/10-many-to-many-polymorphic/accessor-test.js,0,1,35,33,8,24.242,0.224,12.79,8588.831,123,477.157,44,671.51,121.423,0,1,0,0,0,0,0,0,0,0,0,0,0,0,0,0
/home/gabriel/Desktop/research/projects/miragejs/__tests__/external/shared/orm/has-many/1-basic/instantiating-test.js,9,1,85,110,14,12.727,0.827,27.436,68087.715,442,3782.651,49,2481.702,108.571,0,0,0,0,0,0,0,0,0,2,0,0,0,0,0,0
/home/gabriel/Desktop/research/projects/miragejs/__tests__/external/shared/orm/has-many/1-basic/delete-test.js,0,1,26,25,9,36,0.137,10.636,4383.08,81,243.504,34,412.084,128.103,0,1,0,0,0,0,0,0,0,0,0,0,0,0,0,0
/home/gabriel/Desktop/research/projects/miragejs/__tests__/external/shared/orm/has-many/1-basic/create-test.js,6,1,91,115,13,11.304,0.988,33,97779.808,525,5432.212,50,2963.024,105.159,0,0,0,0,0,0,0,0,0,6,0,0,0,0,0,0
/home/gabriel/Desktop/research/projects/miragejs/__tests__/external/shared/orm/has-many/1-basic/accessor-test.js,0,1,32,28,8,28.571,0.2,12.768,7661.299,112,425.628,41,600.046,124.475,0,1,0,0,0,0,0,0,0,0,0,0,0,0,0,0
/home/gabriel/Desktop/research/projects/miragejs/__tests__/external/shared/orm/belongs-to/9-one-way-polymorphic/delete-test.js,0,1,26,22,7,31.818,0.113,9.263,3136.278,69,174.238,30,338.575,128.392,0,1,0,0,0,0,0,0,0,0,0,0,0,0,0,0
/home/gabriel/Desktop/research/projects/miragejs/__tests__/external/shared/orm/belongs-to/9-one-way-polymorphic/create-test.js,2,1,48,64,6,9.375,0.528,20.727,32859.802,294,1825.545,42,1585.341,103.212,0,0,0,0,0,0,0,0,0,4,0,0,0,0,0,0
/home/gabriel/Desktop/research/projects/miragejs/__tests__/external/shared/orm/belongs-to/9-one-way-polymorphic/association-set-id-test.js,0,1,38,37,8,21.622,0.246,13.862,10248.812,138,569.378,41,739.342,121.718,0,1,0,0,0,0,0,0,0,0,0,0,0,0,0,0
/home/gabriel/Desktop/research/projects/miragejs/__tests__/external/shared/orm/belongs-to/8-one-to-one/delete-test.js,0,1,26,22,7,31.818,0.113,9.263,3136.278,69,174.238,30,338.575,128.392,0,1,0,0,0,0,0,0,0,0,0,0,0,0,0,0
/home/gabriel/Desktop/research/projects/miragejs/__tests__/external/shared/orm/belongs-to/8-one-to-one/create-test.js,4,1,69,87,10,11.494,0.666,23.718,47408.306,356,2633.795,49,1998.837,107.007,0,0,0,0,0,0,0,0,0,4,0,0,0,0,0,0
/home/gabriel/Desktop/research/projects/miragejs/__tests__/external/shared/orm/belongs-to/8-one-to-one/accessor-test.js,0,1,36,30,8,26.667,0.192,15.273,8780.036,113,487.78,34,574.883,119.713,0,2,0,0,0,0,0,0,0,0,0,0,0,0,0,0
/home/gabriel/Desktop/research/projects/miragejs/__tests__/external/shared/orm/belongs-to/7-named-one-way-reflexive/delete-test.js,0,1,26,22,7,31.818,0.113,9.263,3136.278,69,174.238,30,338.575,128.392,0,1,0,0,0,0,0,0,0,0,0,0,0,0,0,0
/home/gabriel/Desktop/research/projects/miragejs/__tests__/external/shared/orm/belongs-to/7-named-one-way-reflexive/create-test.js,4,1,64,78,10,12.821,0.566,20.658,35073.565,304,1948.531,48,1697.829,109.807,0,0,0,0,0,0,0,0,0,2,0,0,0,0,0,0
/home/gabriel/Desktop/research/projects/miragejs/__tests__/external/shared/orm/belongs-to/7-named-one-way-reflexive/association-set-id-test.js,0,1,38,33,8,24.242,0.217,11.731,7641.547,126,424.53,36,651.411,124.576,0,1,0,0,0,0,0,0,0,0,0,0,0,0,0,0
/home/gabriel/Desktop/research/projects/miragejs/__tests__/external/shared/orm/belongs-to/7-named-one-way-reflexive/accessor-test.js,0,1,30,25,7,28,0.146,12,5266.347,87,292.575,33,438.862,124.548,0,1,0,0,0,0,0,0,0,0,0,0,0,0,0,0
/home/gabriel/Desktop/research/projects/miragejs/__tests__/external/shared/orm/belongs-to/6-one-way-reflexive/delete-test.js,0,1,26,22,7,31.818,0.113,9.263,3136.278,69,174.238,30,338.575,128.392,0,1,0,0,0,0,0,0,0,0,0,0,0,0,0,0
/home/gabriel/Desktop/research/projects/miragejs/__tests__/external/shared/orm/belongs-to/6-one-way-reflexive/create-test.js,4,1,64,78,10,12.821,0.571,20.128,34469.28,305,1914.96,49,1712.487,109.866,0,0,0,0,0,0,0,0,0,2,0,0,0,0,0,0
/home/gabriel/Desktop/research/projects/miragejs/__tests__/external/shared/orm/belongs-to/6-one-way-reflexive/association-set-id-test.js,0,1,38,33,8,24.242,0.217,11.731,7641.547,126,424.53,36,651.411,124.576,0,1,0,0,0,0,0,0,0,0,0,0,0,0,0,0
/home/gabriel/Desktop/research/projects/miragejs/__tests__/external/shared/orm/belongs-to/6-one-way-reflexive/accessor-test.js,0,1,30,25,7,28,0.146,12,5266.347,87,292.575,33,438.862,124.548,0,1,0,0,0,0,0,0,0,0,0,0,0,0,0,0
/home/gabriel/Desktop/research/projects/miragejs/__tests__/external/shared/orm/belongs-to/5-named-reflexive-explicit-inverse/delete-test.js,0,1,26,22,7,31.818,0.113,9.263,3136.278,69,174.238,30,338.575,128.392,0,1,0,0,0,0,0,0,0,0,0,0,0,0,0,0
/home/gabriel/Desktop/research/projects/miragejs/__tests__/external/shared/orm/belongs-to/5-named-reflexive-explicit-inverse/create-test.js,4,1,66,79,10,12.658,0.578,20.385,35366.194,309,1964.789,49,1734.945,109.572,0,0,0,0,0,0,0,0,0,2,0,0,0,0,0,0
/home/gabriel/Desktop/research/projects/miragejs/__tests__/external/shared/orm/belongs-to/5-named-reflexive-explicit-inverse/association-set-id-test.js,0,1,38,33,8,24.242,0.219,11.296,7414.789,126,411.933,37,656.391,124.679,0,1,0,0,0,0,0,0,0,0,0,0,0,0,0,0
/home/gabriel/Desktop/research/projects/miragejs/__tests__/external/shared/orm/belongs-to/5-named-reflexive-explicit-inverse/accessor-test.js,0,1,36,30,8,26.667,0.192,15.273,8780.036,113,487.78,34,574.883,119.713,0,2,0,0,0,0,0,0,0,0,0,0,0,0,0,0
/home/gabriel/Desktop/research/projects/miragejs/__tests__/external/shared/orm/belongs-to/4-named-reflexive/delete-test.js,0,1,26,22,7,31.818,0.113,9.263,3136.278,69,174.238,30,338.575,128.392,0,1,0,0,0,0,0,0,0,0,0,0,0,0,0,0
/home/gabriel/Desktop/research/projects/miragejs/__tests__/external/shared/orm/belongs-to/4-named-reflexive/create-test.js,4,1,66,79,10,12.658,0.578,20.385,35366.194,309,1964.789,49,1734.945,109.572,0,0,0,0,0,0,0,0,0,2,0,0,0,0,0,0
/home/gabriel/Desktop/research/projects/miragejs/__tests__/external/shared/orm/belongs-to/4-named-reflexive/association-set-id-test.js,0,1,38,33,8,24.242,0.219,11.296,7414.789,126,411.933,37,656.391,124.679,0,1,0,0,0,0,0,0,0,0,0,0,0,0,0,0
/home/gabriel/Desktop/research/projects/miragejs/__tests__/external/shared/orm/belongs-to/4-named-reflexive/accessor-test.js,0,1,36,30,8,26.667,0.192,15.273,8780.036,113,487.78,34,574.883,119.713,0,2,0,0,0,0,0,0,0,0,0,0,0,0,0,0
/home/gabriel/Desktop/research/projects/miragejs/__tests__/external/shared/orm/belongs-to/3-reflexive/delete-test.js,0,1,26,22,7,31.818,0.113,9.263,3136.278,69,174.238,30,338.575,128.392,0,1,0,0,0,0,0,0,0,0,0,0,0,0,0,0
/home/gabriel/Desktop/research/projects/miragejs/__tests__/external/shared/orm/belongs-to/3-reflexive/create-test.js,4,1,66,79,10,12.658,0.575,20.921,36104.578,309,2005.81,48,1725.753,109.502,0,0,0,0,0,0,0,0,0,2,0,0,0,0,0,0
/home/gabriel/Desktop/research/projects/miragejs/__tests__/external/shared/orm/belongs-to/3-reflexive/association-set-test.js,0,1,64,57,11,19.298,0.397,20.862,24869.921,224,1381.662,40,1192.112,111.368,0,3,0,0,0,0,0,0,0,0,0,0,0,0,0,0
/home/gabriel/Desktop/research/projects/miragejs/__tests__/external/shared/orm/belongs-to/3-reflexive/association-set-id-test.js,0,1,50,43,10,23.256,0.294,15.362,13571.467,166,753.97,40,883.44,118.1,0,3,0,0,0,0,0,0,0,0,0,0,0,0,0,0
/home/gabriel/Desktop/research/projects/miragejs/__tests__/external/shared/orm/belongs-to/3-reflexive/association-new-test.js,0,1,39,35,7,20,0.227,16.074,10936.946,127,607.608,41,680.409,116.598,0,1,0,0,0,0,0,0,0,0,0,0,0,0,0,0
/home/gabriel/Desktop/research/projects/miragejs/__tests__/external/shared/orm/belongs-to/3-reflexive/association-create-test.js,0,1,35,35,7,20,0.264,15.817,12530.511,146,696.14,43,792.235,116.133,0,1,0,0,0,0,0,0,0,0,0,0,0,0,0,0
/home/gabriel/Desktop/research/projects/miragejs/__tests__/external/shared/orm/belongs-to/3-reflexive/accessor-test.js,0,1,36,30,8,26.667,0.19,16,9120.265,113,506.681,33,570.017,119.583,0,2,0,0,0,0,0,0,0,0,0,0,0,0,0,0
/home/gabriel/Desktop/research/projects/miragejs/__tests__/external/shared/orm/belongs-to/2-named/delete-test.js,0,1,26,22,7,31.818,0.114,8.8,3008.188,69,167.122,31,341.84,128.534,0,1,0,0,0,0,0,0,0,0,0,0,0,0,0,0
/home/gabriel/Desktop/research/projects/miragejs/__tests__/external/shared/orm/belongs-to/2-named/create-test.js,4,1,64,76,10,13.158,0.615,23.108,42614.205,332,2367.456,47,1844.123,109.562,0,0,0,0,0,0,0,0,0,4,0,0,0,0,0,0
/home/gabriel/Desktop/research/projects/miragejs/__tests__/external/shared/orm/belongs-to/2-named/association-set-id-test.js,0,1,38,33,8,24.242,0.21,11.346,7156.369,122,397.576,36,630.731,124.8,0,1,0,0,0,0,0,0,0,0,0,0,0,0,0,0
/home/gabriel/Desktop/research/projects/miragejs/__tests__/external/shared/orm/belongs-to/11-named-one-way-reflexive-self-referential/association-set-id-test.js,0,1,48,41,8,19.512,0.293,16.154,14197.409,170,788.745,36,878.887,118.941,0,2,0,0,0,0,0,0,0,0,0,0,0,0,0,0
/home/gabriel/Desktop/research/projects/miragejs/__tests__/external/shared/orm/belongs-to/11-named-one-way-reflexive-self-referential/accessor-test.js,0,1,30,25,7,28,0.146,12,5266.347,87,292.575,33,438.862,124.548,0,1,0,0,0,0,0,0,0,0,0,0,0,0,0,0
/home/gabriel/Desktop/research/projects/miragejs/__tests__/external/shared/orm/belongs-to/10-one-to-one-polymorphic/delete-test.js,0,1,26,22,7,31.818,0.114,8.8,3008.188,69,167.122,31,341.84,128.534,0,1,0,0,0,0,0,0,0,0,0,0,0,0,0,0
/home/gabriel/Desktop/research/projects/miragejs/__tests__/external/shared/orm/belongs-to/10-one-to-one-polymorphic/create-test.js,4,1,75,97,10,10.309,0.732,24.39,53542.161,387,2974.565,51,2195.229,104.829,0,0,0,0,0,0,0,0,0,4,0,0,0,0,0,0
/home/gabriel/Desktop/research/projects/miragejs/__tests__/external/shared/orm/belongs-to/10-one-to-one-polymorphic/association-set-id-test.js,0,1,44,43,8,18.605,0.309,15.75,14617.628,170,812.09,44,928.103,118.069,0,1,0,0,0,0,0,0,0,0,0,0,0,0,0,0
/home/gabriel/Desktop/research/projects/miragejs/__tests__/external/shared/orm/belongs-to/10-one-to-one-polymorphic/accessor-test.js,0,1,36,32,8,25,0.21,16.52,10390.467,119,577.248,39,628.963,118.091,0,2,0,0,0,0,0,0,0,0,0,0,0,0,0,0
/home/gabriel/Desktop/research/projects/miragejs/__tests__/external/shared/orm/belongs-to/1-basic/delete-test.js,0,1,26,22,7,31.818,0.113,9.263,3136.278,69,174.238,30,338.575,128.392,0,1,0,0,0,0,0,0,0,0,0,0,0,0,0,0
/home/gabriel/Desktop/research/projects/miragejs/__tests__/external/shared/orm/belongs-to/1-basic/create-test.js,4,1,64,76,10,13.158,0.615,23.108,42614.205,332,2367.456,47,1844.123,109.562,0,0,0,0,0,0,0,0,0,4,0,0,0,0,0,0
/home/gabriel/Desktop/research/projects/miragejs/__tests__/external/shared/orm/belongs-to/1-basic/association-set-id-test.js,0,1,38,33,8,24.242,0.219,11.296,7414.789,126,411.933,37,656.391,124.679,0,1,0,0,0,0,0,0,0,0,0,0,0,0,0,0
/home/gabriel/Desktop/research/projects/miragejs/__tests__/external/shared/factories/helpers-test.js,4,1,161,150,9,6,1.017,15.364,46876.895,484,2604.272,79,3051.03,96.154,0,0,0,0,0,0,0,0,0,4,0,0,0,0,0,0
/home/gabriel/Desktop/research/projects/miragejs/__tests__/external/shared/factories/create-and-create-list-test.js,14,2,196,176,25,14.205,1.33,21.655,86423.036,602,4801.28,99,3990.873,111.517,0,0,0,0,0,0,0,0,0,3,0,1,0,0,0,0
/home/gabriel/Desktop/research/projects/miragejs/__tests__/external/shared/factories/after-create-test.js,1,1,60,57,5,8.772,0.376,10.534,11886.672,197,660.371,53,1128.4,104.989,0,0,0,0,0,0,0,0,0,2,0,0,0,0,0,0
/home/gabriel/Desktop/research/projects/miragejs/__tests__/external/browser-only/passthrough-test.js,11,3,202,195,30,15.385,1.294,30.308,117660.095,601,6536.672,88,3882.118,112.379,0,1,4,0,0,0,0,0,0,4,0,0,0,0,0,0
/home/gabriel/Desktop/research/projects/miragejs/__tests__/external/browser-only/fetch-sanity-check-test.js,8,1,132,125,18,14.4,0.785,20.625,48572.871,394,2698.493,63,2355.048,112.586,0,0,0,0,0,0,0,0,0,1,0,0,0,0,0,0